onset	duration	sample	value	trial_type	sequence_id	item_number	list	task_type	condition	expected_article	unexpected_article	expected_noun	unexpected_noun	expected_cloze	unexpected_cloze	plausibility_expected	plausibility_unexpected	sentence_context	sentence_ending	has_question	question_text	question_answer
32.248	0.2	32248	255	filler_word	n/a	n/a	n/a	control	n/a	n/a	n/a	n/a	n/a	n/a	n/a	n/a	n/a	n/a	n/a	n/a	n/a	n/a
32.733	0.2	32733	255	filler_word	n/a	n/a	n/a	control	n/a	n/a	n/a	n/a	n/a	n/a	n/a	n/a	n/a	n/a	n/a	n/a	n/a	n/a
33.219	0.2	33219	255	filler_word	n/a	n/a	n/a	control	n/a	n/a	n/a	n/a	n/a	n/a	n/a	n/a	n/a	n/a	n/a	n/a	n/a	n/a
33.704	0.2	33704	255	filler_word	n/a	n/a	n/a	control	n/a	n/a	n/a	n/a	n/a	n/a	n/a	n/a	n/a	n/a	n/a	n/a	n/a	n/a
34.189	0.2	34189	255	filler_word	n/a	n/a	n/a	control	n/a	n/a	n/a	n/a	n/a	n/a	n/a	n/a	n/a	n/a	n/a	n/a	n/a	n/a
34.674	0.2	34674	211	control_incorrect	n/a	n/a	n/a	control	n/a	n/a	n/a	n/a	n/a	n/a	n/a	n/a	n/a	n/a	n/a	n/a	n/a	n/a
34.959	0.0	34959	123	item_marker	0	23	2	control	n/a	n/a	n/a	n/a	n/a	n/a	n/a	n/a	n/a	The doctor had  a emergency so he had to leave.	so he had to leave.	n/a	n/a	n/a
35.159	0.2	35159	255	filler_word	0	23	2	control	n/a	n/a	n/a	n/a	n/a	n/a	n/a	n/a	n/a	The doctor had  a emergency so he had to leave.	so he had to leave.	n/a	n/a	n/a
35.644	0.2	35644	255	filler_word	0	23	2	control	n/a	n/a	n/a	n/a	n/a	n/a	n/a	n/a	n/a	The doctor had  a emergency so he had to leave.	so he had to leave.	n/a	n/a	n/a
36.13	0.2	36130	255	filler_word	0	23	2	control	n/a	n/a	n/a	n/a	n/a	n/a	n/a	n/a	n/a	The doctor had  a emergency so he had to leave.	so he had to leave.	n/a	n/a	n/a
36.615	0.2	36615	255	filler_word	0	23	2	control	n/a	n/a	n/a	n/a	n/a	n/a	n/a	n/a	n/a	The doctor had  a emergency so he had to leave.	so he had to leave.	n/a	n/a	n/a
38.639	0.2	38639	255	filler_word	0	23	2	control	n/a	n/a	n/a	n/a	n/a	n/a	n/a	n/a	n/a	The doctor had  a emergency so he had to leave.	so he had to leave.	n/a	n/a	n/a
39.124	0.2	39124	255	filler_word	0	23	2	control	n/a	n/a	n/a	n/a	n/a	n/a	n/a	n/a	n/a	The doctor had  a emergency so he had to leave.	so he had to leave.	n/a	n/a	n/a
39.61	0.2	39610	255	filler_word	0	23	2	control	n/a	n/a	n/a	n/a	n/a	n/a	n/a	n/a	n/a	The doctor had  a emergency so he had to leave.	so he had to leave.	n/a	n/a	n/a
40.095	0.2	40095	255	filler_word	0	23	2	control	n/a	n/a	n/a	n/a	n/a	n/a	n/a	n/a	n/a	The doctor had  a emergency so he had to leave.	so he had to leave.	n/a	n/a	n/a
40.58	0.2	40580	210	control_correct	0	23	2	control	n/a	n/a	n/a	n/a	n/a	n/a	n/a	n/a	n/a	The doctor had  a emergency so he had to leave.	so he had to leave.	n/a	n/a	n/a
40.864	0.0	40864	110	item_marker	1	10	2	control	n/a	n/a	n/a	n/a	n/a	n/a	n/a	n/a	n/a	Parents gave her a bird for her birthday.	for her birthday.	n/a	n/a	n/a
41.065	0.2	41065	255	filler_word	1	10	2	control	n/a	n/a	n/a	n/a	n/a	n/a	n/a	n/a	n/a	Parents gave her a bird for her birthday.	for her birthday.	n/a	n/a	n/a
41.55	0.2	41550	255	filler_word	1	10	2	control	n/a	n/a	n/a	n/a	n/a	n/a	n/a	n/a	n/a	Parents gave her a bird for her birthday.	for her birthday.	n/a	n/a	n/a
42.035	0.2	42035	255	filler_word	1	10	2	control	n/a	n/a	n/a	n/a	n/a	n/a	n/a	n/a	n/a	Parents gave her a bird for her birthday.	for her birthday.	n/a	n/a	n/a
44.696	0.2	44696	255	filler_word	1	10	2	control	n/a	n/a	n/a	n/a	n/a	n/a	n/a	n/a	n/a	Parents gave her a bird for her birthday.	for her birthday.	n/a	n/a	n/a
45.181	0.2	45181	255	filler_word	1	10	2	control	n/a	n/a	n/a	n/a	n/a	n/a	n/a	n/a	n/a	Parents gave her a bird for her birthday.	for her birthday.	n/a	n/a	n/a
45.666	0.2	45666	255	filler_word	1	10	2	control	n/a	n/a	n/a	n/a	n/a	n/a	n/a	n/a	n/a	Parents gave her a bird for her birthday.	for her birthday.	n/a	n/a	n/a
46.151	0.2	46151	255	filler_word	1	10	2	control	n/a	n/a	n/a	n/a	n/a	n/a	n/a	n/a	n/a	Parents gave her a bird for her birthday.	for her birthday.	n/a	n/a	n/a
46.636	0.2	46636	210	control_correct	1	10	2	control	n/a	n/a	n/a	n/a	n/a	n/a	n/a	n/a	n/a	Parents gave her a bird for her birthday.	for her birthday.	n/a	n/a	n/a
46.921	0.0	46921	105	item_marker	2	5	2	control	n/a	n/a	n/a	n/a	n/a	n/a	n/a	n/a	n/a	He offered her an apology after the incident.	after the incident.	n/a	n/a	n/a
47.121	0.2	47121	255	filler_word	2	5	2	control	n/a	n/a	n/a	n/a	n/a	n/a	n/a	n/a	n/a	He offered her an apology after the incident.	after the incident.	n/a	n/a	n/a
47.607	0.2	47607	255	filler_word	2	5	2	control	n/a	n/a	n/a	n/a	n/a	n/a	n/a	n/a	n/a	He offered her an apology after the incident.	after the incident.	n/a	n/a	n/a
48.092	0.2	48092	255	filler_word	2	5	2	control	n/a	n/a	n/a	n/a	n/a	n/a	n/a	n/a	n/a	He offered her an apology after the incident.	after the incident.	n/a	n/a	n/a
50.534	0.2	50534	255	filler_word	2	5	2	control	n/a	n/a	n/a	n/a	n/a	n/a	n/a	n/a	n/a	He offered her an apology after the incident.	after the incident.	n/a	n/a	n/a
51.02	0.2	51020	255	filler_word	2	5	2	control	n/a	n/a	n/a	n/a	n/a	n/a	n/a	n/a	n/a	He offered her an apology after the incident.	after the incident.	n/a	n/a	n/a
51.505	0.2	51505	255	filler_word	2	5	2	control	n/a	n/a	n/a	n/a	n/a	n/a	n/a	n/a	n/a	He offered her an apology after the incident.	after the incident.	n/a	n/a	n/a
51.99	0.2	51990	255	filler_word	2	5	2	control	n/a	n/a	n/a	n/a	n/a	n/a	n/a	n/a	n/a	He offered her an apology after the incident.	after the incident.	n/a	n/a	n/a
52.475	0.2	52475	255	filler_word	2	5	2	control	n/a	n/a	n/a	n/a	n/a	n/a	n/a	n/a	n/a	He offered her an apology after the incident.	after the incident.	n/a	n/a	n/a
52.96	0.2	52960	210	control_correct	2	5	2	control	n/a	n/a	n/a	n/a	n/a	n/a	n/a	n/a	n/a	He offered her an apology after the incident.	after the incident.	n/a	n/a	n/a
53.245	0.0	53245	134	item_marker	3	34	2	control	n/a	n/a	n/a	n/a	n/a	n/a	n/a	n/a	n/a	Children learn to ride a bicycle very easily.	very easily.	n/a	n/a	n/a
53.446	0.2	53446	255	filler_word	3	34	2	control	n/a	n/a	n/a	n/a	n/a	n/a	n/a	n/a	n/a	Children learn to ride a bicycle very easily.	very easily.	n/a	n/a	n/a
53.931	0.2	53931	255	filler_word	3	34	2	control	n/a	n/a	n/a	n/a	n/a	n/a	n/a	n/a	n/a	Children learn to ride a bicycle very easily.	very easily.	n/a	n/a	n/a
55.989	0.2	55989	255	filler_word	3	34	2	control	n/a	n/a	n/a	n/a	n/a	n/a	n/a	n/a	n/a	Children learn to ride a bicycle very easily.	very easily.	n/a	n/a	n/a
56.474	0.2	56474	255	filler_word	3	34	2	control	n/a	n/a	n/a	n/a	n/a	n/a	n/a	n/a	n/a	Children learn to ride a bicycle very easily.	very easily.	n/a	n/a	n/a
56.959	0.2	56959	255	filler_word	3	34	2	control	n/a	n/a	n/a	n/a	n/a	n/a	n/a	n/a	n/a	Children learn to ride a bicycle very easily.	very easily.	n/a	n/a	n/a
57.444	0.2	57444	211	control_incorrect	3	34	2	control	n/a	n/a	n/a	n/a	n/a	n/a	n/a	n/a	n/a	Children learn to ride a bicycle very easily.	very easily.	n/a	n/a	n/a
57.729	0.0	57729	139	item_marker	4	39	2	control	n/a	n/a	n/a	n/a	n/a	n/a	n/a	n/a	n/a	I got a infection after the operation.	after the operation.	n/a	n/a	n/a
57.929	0.2	57929	255	filler_word	4	39	2	control	n/a	n/a	n/a	n/a	n/a	n/a	n/a	n/a	n/a	I got a infection after the operation.	after the operation.	n/a	n/a	n/a
58.415	0.2	58415	255	filler_word	4	39	2	control	n/a	n/a	n/a	n/a	n/a	n/a	n/a	n/a	n/a	I got a infection after the operation.	after the operation.	n/a	n/a	n/a
58.9	0.2	58900	255	filler_word	4	39	2	control	n/a	n/a	n/a	n/a	n/a	n/a	n/a	n/a	n/a	I got a infection after the operation.	after the operation.	n/a	n/a	n/a
61.175	0.2	61175	255	filler_word	4	39	2	control	n/a	n/a	n/a	n/a	n/a	n/a	n/a	n/a	n/a	I got a infection after the operation.	after the operation.	n/a	n/a	n/a
61.66	0.2	61660	255	filler_word	4	39	2	control	n/a	n/a	n/a	n/a	n/a	n/a	n/a	n/a	n/a	I got a infection after the operation.	after the operation.	n/a	n/a	n/a
62.145	0.2	62145	255	filler_word	4	39	2	control	n/a	n/a	n/a	n/a	n/a	n/a	n/a	n/a	n/a	I got a infection after the operation.	after the operation.	n/a	n/a	n/a
62.631	0.2	62631	211	control_incorrect	4	39	2	control	n/a	n/a	n/a	n/a	n/a	n/a	n/a	n/a	n/a	I got a infection after the operation.	after the operation.	n/a	n/a	n/a
62.915	0.0	62915	111	item_marker	5	11	2	control	n/a	n/a	n/a	n/a	n/a	n/a	n/a	n/a	n/a	David ordered a octopus as a main dish.	as a main dish.	n/a	n/a	n/a
63.116	0.2	63116	255	filler_word	5	11	2	control	n/a	n/a	n/a	n/a	n/a	n/a	n/a	n/a	n/a	David ordered a octopus as a main dish.	as a main dish.	n/a	n/a	n/a
63.601	0.2	63601	255	filler_word	5	11	2	control	n/a	n/a	n/a	n/a	n/a	n/a	n/a	n/a	n/a	David ordered a octopus as a main dish.	as a main dish.	n/a	n/a	n/a
64.086	0.2	64086	255	filler_word	5	11	2	control	n/a	n/a	n/a	n/a	n/a	n/a	n/a	n/a	n/a	David ordered a octopus as a main dish.	as a main dish.	n/a	n/a	n/a
64.571	0.2	64571	255	filler_word	5	11	2	control	n/a	n/a	n/a	n/a	n/a	n/a	n/a	n/a	n/a	David ordered a octopus as a main dish.	as a main dish.	n/a	n/a	n/a
66.679	0.2	66679	255	filler_word	5	11	2	control	n/a	n/a	n/a	n/a	n/a	n/a	n/a	n/a	n/a	David ordered a octopus as a main dish.	as a main dish.	n/a	n/a	n/a
67.164	0.2	67164	255	filler_word	5	11	2	control	n/a	n/a	n/a	n/a	n/a	n/a	n/a	n/a	n/a	David ordered a octopus as a main dish.	as a main dish.	n/a	n/a	n/a
67.65	0.2	67650	255	filler_word	5	11	2	control	n/a	n/a	n/a	n/a	n/a	n/a	n/a	n/a	n/a	David ordered a octopus as a main dish.	as a main dish.	n/a	n/a	n/a
68.135	0.2	68135	255	filler_word	5	11	2	control	n/a	n/a	n/a	n/a	n/a	n/a	n/a	n/a	n/a	David ordered a octopus as a main dish.	as a main dish.	n/a	n/a	n/a
68.62	0.2	68620	255	filler_word	5	11	2	control	n/a	n/a	n/a	n/a	n/a	n/a	n/a	n/a	n/a	David ordered a octopus as a main dish.	as a main dish.	n/a	n/a	n/a
69.105	0.2	69105	210	control_correct	5	11	2	control	n/a	n/a	n/a	n/a	n/a	n/a	n/a	n/a	n/a	David ordered a octopus as a main dish.	as a main dish.	n/a	n/a	n/a
69.39	0.0	69390	113	item_marker	6	13	2	control	n/a	n/a	n/a	n/a	n/a	n/a	n/a	n/a	n/a	Lorrie started working as an artist after school.	after school.	n/a	n/a	n/a
69.59	0.2	69590	255	filler_word	6	13	2	control	n/a	n/a	n/a	n/a	n/a	n/a	n/a	n/a	n/a	Lorrie started working as an artist after school.	after school.	n/a	n/a	n/a
70.076	0.2	70076	255	filler_word	6	13	2	control	n/a	n/a	n/a	n/a	n/a	n/a	n/a	n/a	n/a	Lorrie started working as an artist after school.	after school.	n/a	n/a	n/a
72.033	0.2	72033	255	filler_word	6	13	2	control	n/a	n/a	n/a	n/a	n/a	n/a	n/a	n/a	n/a	Lorrie started working as an artist after school.	after school.	n/a	n/a	n/a
72.518	0.2	72518	255	filler_word	6	13	2	control	n/a	n/a	n/a	n/a	n/a	n/a	n/a	n/a	n/a	Lorrie started working as an artist after school.	after school.	n/a	n/a	n/a
73.003	0.2	73003	255	filler_word	6	13	2	control	n/a	n/a	n/a	n/a	n/a	n/a	n/a	n/a	n/a	Lorrie started working as an artist after school.	after school.	n/a	n/a	n/a
73.489	0.2	73489	255	filler_word	6	13	2	control	n/a	n/a	n/a	n/a	n/a	n/a	n/a	n/a	n/a	Lorrie started working as an artist after school.	after school.	n/a	n/a	n/a
73.974	0.2	73974	255	filler_word	6	13	2	control	n/a	n/a	n/a	n/a	n/a	n/a	n/a	n/a	n/a	Lorrie started working as an artist after school.	after school.	n/a	n/a	n/a
74.459	0.2	74459	210	control_correct	6	13	2	control	n/a	n/a	n/a	n/a	n/a	n/a	n/a	n/a	n/a	Lorrie started working as an artist after school.	after school.	n/a	n/a	n/a
74.743	0.0	74743	118	item_marker	7	18	2	control	n/a	n/a	n/a	n/a	n/a	n/a	n/a	n/a	n/a	He has never seen a parade like this.	like this.	n/a	n/a	n/a
74.944	0.2	74944	255	filler_word	7	18	2	control	n/a	n/a	n/a	n/a	n/a	n/a	n/a	n/a	n/a	He has never seen a parade like this.	like this.	n/a	n/a	n/a
75.429	0.2	75429	255	filler_word	7	18	2	control	n/a	n/a	n/a	n/a	n/a	n/a	n/a	n/a	n/a	He has never seen a parade like this.	like this.	n/a	n/a	n/a
79.528	0.2	79528	255	filler_word	7	18	2	control	n/a	n/a	n/a	n/a	n/a	n/a	n/a	n/a	n/a	He has never seen a parade like this.	like this.	n/a	n/a	n/a
80.013	0.2	80013	255	filler_word	7	18	2	control	n/a	n/a	n/a	n/a	n/a	n/a	n/a	n/a	n/a	He has never seen a parade like this.	like this.	n/a	n/a	n/a
80.499	0.2	80499	255	filler_word	7	18	2	control	n/a	n/a	n/a	n/a	n/a	n/a	n/a	n/a	n/a	He has never seen a parade like this.	like this.	n/a	n/a	n/a
80.984	0.2	80984	255	filler_word	7	18	2	control	n/a	n/a	n/a	n/a	n/a	n/a	n/a	n/a	n/a	He has never seen a parade like this.	like this.	n/a	n/a	n/a
81.469	0.2	81469	210	control_correct	7	18	2	control	n/a	n/a	n/a	n/a	n/a	n/a	n/a	n/a	n/a	He has never seen a parade like this.	like this.	n/a	n/a	n/a
81.753	0.0	81753	102	item_marker	8	2	2	control	n/a	n/a	n/a	n/a	n/a	n/a	n/a	n/a	n/a	The boy ate a carrot as a snack.	as a snack.	n/a	n/a	n/a
81.954	0.2	81954	255	filler_word	8	2	2	control	n/a	n/a	n/a	n/a	n/a	n/a	n/a	n/a	n/a	The boy ate a carrot as a snack.	as a snack.	n/a	n/a	n/a
82.439	0.2	82439	255	filler_word	8	2	2	control	n/a	n/a	n/a	n/a	n/a	n/a	n/a	n/a	n/a	The boy ate a carrot as a snack.	as a snack.	n/a	n/a	n/a
82.925	0.2	82925	255	filler_word	8	2	2	control	n/a	n/a	n/a	n/a	n/a	n/a	n/a	n/a	n/a	The boy ate a carrot as a snack.	as a snack.	n/a	n/a	n/a
85.066	0.2	85066	255	filler_word	8	2	2	control	n/a	n/a	n/a	n/a	n/a	n/a	n/a	n/a	n/a	The boy ate a carrot as a snack.	as a snack.	n/a	n/a	n/a
85.551	0.2	85551	255	filler_word	8	2	2	control	n/a	n/a	n/a	n/a	n/a	n/a	n/a	n/a	n/a	The boy ate a carrot as a snack.	as a snack.	n/a	n/a	n/a
86.036	0.2	86036	255	filler_word	8	2	2	control	n/a	n/a	n/a	n/a	n/a	n/a	n/a	n/a	n/a	The boy ate a carrot as a snack.	as a snack.	n/a	n/a	n/a
86.522	0.2	86522	255	filler_word	8	2	2	control	n/a	n/a	n/a	n/a	n/a	n/a	n/a	n/a	n/a	The boy ate a carrot as a snack.	as a snack.	n/a	n/a	n/a
87.007	0.2	87007	210	control_correct	8	2	2	control	n/a	n/a	n/a	n/a	n/a	n/a	n/a	n/a	n/a	The boy ate a carrot as a snack.	as a snack.	n/a	n/a	n/a
87.291	0.0	87291	125	item_marker	9	25	2	control	n/a	n/a	n/a	n/a	n/a	n/a	n/a	n/a	n/a	She never used an iron in her life.	in her life.	n/a	n/a	n/a
87.492	0.2	87492	255	filler_word	9	25	2	control	n/a	n/a	n/a	n/a	n/a	n/a	n/a	n/a	n/a	She never used an iron in her life.	in her life.	n/a	n/a	n/a
87.977	0.2	87977	255	filler_word	9	25	2	control	n/a	n/a	n/a	n/a	n/a	n/a	n/a	n/a	n/a	She never used an iron in her life.	in her life.	n/a	n/a	n/a
88.462	0.2	88462	255	filler_word	9	25	2	control	n/a	n/a	n/a	n/a	n/a	n/a	n/a	n/a	n/a	She never used an iron in her life.	in her life.	n/a	n/a	n/a
90.319	0.2	90319	255	filler_word	9	25	2	control	n/a	n/a	n/a	n/a	n/a	n/a	n/a	n/a	n/a	She never used an iron in her life.	in her life.	n/a	n/a	n/a
90.805	0.2	90805	255	filler_word	9	25	2	control	n/a	n/a	n/a	n/a	n/a	n/a	n/a	n/a	n/a	She never used an iron in her life.	in her life.	n/a	n/a	n/a
91.29	0.2	91290	255	filler_word	9	25	2	control	n/a	n/a	n/a	n/a	n/a	n/a	n/a	n/a	n/a	She never used an iron in her life.	in her life.	n/a	n/a	n/a
91.775	0.2	91775	211	control_incorrect	9	25	2	control	n/a	n/a	n/a	n/a	n/a	n/a	n/a	n/a	n/a	She never used an iron in her life.	in her life.	n/a	n/a	n/a
92.059	0.0	92059	103	item_marker	10	3	2	control	n/a	n/a	n/a	n/a	n/a	n/a	n/a	n/a	n/a	Thomas noticed a accent when Ben spoke.	when Ben spoke.	n/a	n/a	n/a
92.26	0.2	92260	255	filler_word	10	3	2	control	n/a	n/a	n/a	n/a	n/a	n/a	n/a	n/a	n/a	Thomas noticed a accent when Ben spoke.	when Ben spoke.	n/a	n/a	n/a
92.745	0.2	92745	255	filler_word	10	3	2	control	n/a	n/a	n/a	n/a	n/a	n/a	n/a	n/a	n/a	Thomas noticed a accent when Ben spoke.	when Ben spoke.	n/a	n/a	n/a
93.23	0.2	93230	255	filler_word	10	3	2	control	n/a	n/a	n/a	n/a	n/a	n/a	n/a	n/a	n/a	Thomas noticed a accent when Ben spoke.	when Ben spoke.	n/a	n/a	n/a
95.322	0.2	95322	255	filler_word	10	3	2	control	n/a	n/a	n/a	n/a	n/a	n/a	n/a	n/a	n/a	Thomas noticed a accent when Ben spoke.	when Ben spoke.	n/a	n/a	n/a
95.807	0.2	95807	255	filler_word	10	3	2	control	n/a	n/a	n/a	n/a	n/a	n/a	n/a	n/a	n/a	Thomas noticed a accent when Ben spoke.	when Ben spoke.	n/a	n/a	n/a
96.292	0.2	96292	255	filler_word	10	3	2	control	n/a	n/a	n/a	n/a	n/a	n/a	n/a	n/a	n/a	Thomas noticed a accent when Ben spoke.	when Ben spoke.	n/a	n/a	n/a
96.777	0.2	96777	255	filler_word	10	3	2	control	n/a	n/a	n/a	n/a	n/a	n/a	n/a	n/a	n/a	Thomas noticed a accent when Ben spoke.	when Ben spoke.	n/a	n/a	n/a
97.262	0.2	97262	211	control_incorrect	10	3	2	control	n/a	n/a	n/a	n/a	n/a	n/a	n/a	n/a	n/a	Thomas noticed a accent when Ben spoke.	when Ben spoke.	n/a	n/a	n/a
97.547	0.0	97547	132	item_marker	11	32	2	control	n/a	n/a	n/a	n/a	n/a	n/a	n/a	n/a	n/a	I didn't get an message from her.	from her.	n/a	n/a	n/a
97.748	0.2	97748	255	filler_word	11	32	2	control	n/a	n/a	n/a	n/a	n/a	n/a	n/a	n/a	n/a	I didn't get an message from her.	from her.	n/a	n/a	n/a
98.233	0.2	98233	255	filler_word	11	32	2	control	n/a	n/a	n/a	n/a	n/a	n/a	n/a	n/a	n/a	I didn't get an message from her.	from her.	n/a	n/a	n/a
100.441	0.2	100441	255	filler_word	11	32	2	control	n/a	n/a	n/a	n/a	n/a	n/a	n/a	n/a	n/a	I didn't get an message from her.	from her.	n/a	n/a	n/a
100.926	0.2	100926	255	filler_word	11	32	2	control	n/a	n/a	n/a	n/a	n/a	n/a	n/a	n/a	n/a	I didn't get an message from her.	from her.	n/a	n/a	n/a
101.412	0.2	101412	255	filler_word	11	32	2	control	n/a	n/a	n/a	n/a	n/a	n/a	n/a	n/a	n/a	I didn't get an message from her.	from her.	n/a	n/a	n/a
101.897	0.2	101897	210	control_correct	11	32	2	control	n/a	n/a	n/a	n/a	n/a	n/a	n/a	n/a	n/a	I didn't get an message from her.	from her.	n/a	n/a	n/a
102.181	0.0	102181	126	item_marker	12	26	2	control	n/a	n/a	n/a	n/a	n/a	n/a	n/a	n/a	n/a	I put a hanger in the wardrobe.	in the wardrobe.	n/a	n/a	n/a
102.382	0.2	102382	255	filler_word	12	26	2	control	n/a	n/a	n/a	n/a	n/a	n/a	n/a	n/a	n/a	I put a hanger in the wardrobe.	in the wardrobe.	n/a	n/a	n/a
102.867	0.2	102867	255	filler_word	12	26	2	control	n/a	n/a	n/a	n/a	n/a	n/a	n/a	n/a	n/a	I put a hanger in the wardrobe.	in the wardrobe.	n/a	n/a	n/a
103.352	0.2	103352	255	filler_word	12	26	2	control	n/a	n/a	n/a	n/a	n/a	n/a	n/a	n/a	n/a	I put a hanger in the wardrobe.	in the wardrobe.	n/a	n/a	n/a
105.812	0.2	105812	255	filler_word	12	26	2	control	n/a	n/a	n/a	n/a	n/a	n/a	n/a	n/a	n/a	I put a hanger in the wardrobe.	in the wardrobe.	n/a	n/a	n/a
106.297	0.2	106297	255	filler_word	12	26	2	control	n/a	n/a	n/a	n/a	n/a	n/a	n/a	n/a	n/a	I put a hanger in the wardrobe.	in the wardrobe.	n/a	n/a	n/a
106.782	0.2	106782	255	filler_word	12	26	2	control	n/a	n/a	n/a	n/a	n/a	n/a	n/a	n/a	n/a	I put a hanger in the wardrobe.	in the wardrobe.	n/a	n/a	n/a
107.267	0.2	107267	255	filler_word	12	26	2	control	n/a	n/a	n/a	n/a	n/a	n/a	n/a	n/a	n/a	I put a hanger in the wardrobe.	in the wardrobe.	n/a	n/a	n/a
107.752	0.2	107752	255	filler_word	12	26	2	control	n/a	n/a	n/a	n/a	n/a	n/a	n/a	n/a	n/a	I put a hanger in the wardrobe.	in the wardrobe.	n/a	n/a	n/a
108.238	0.2	108238	211	control_incorrect	12	26	2	control	n/a	n/a	n/a	n/a	n/a	n/a	n/a	n/a	n/a	I put a hanger in the wardrobe.	in the wardrobe.	n/a	n/a	n/a
108.522	0.0	108522	115	item_marker	13	15	2	control	n/a	n/a	n/a	n/a	n/a	n/a	n/a	n/a	n/a	You have to get a education before looking for a job.	before looking for a job.	n/a	n/a	n/a
108.723	0.2	108723	255	filler_word	13	15	2	control	n/a	n/a	n/a	n/a	n/a	n/a	n/a	n/a	n/a	You have to get a education before looking for a job.	before looking for a job.	n/a	n/a	n/a
109.208	0.2	109208	255	filler_word	13	15	2	control	n/a	n/a	n/a	n/a	n/a	n/a	n/a	n/a	n/a	You have to get a education before looking for a job.	before looking for a job.	n/a	n/a	n/a
109.693	0.2	109693	255	filler_word	13	15	2	control	n/a	n/a	n/a	n/a	n/a	n/a	n/a	n/a	n/a	You have to get a education before looking for a job.	before looking for a job.	n/a	n/a	n/a
110.178	0.2	110178	255	filler_word	13	15	2	control	n/a	n/a	n/a	n/a	n/a	n/a	n/a	n/a	n/a	You have to get a education before looking for a job.	before looking for a job.	n/a	n/a	n/a
110.663	0.2	110663	255	filler_word	13	15	2	control	n/a	n/a	n/a	n/a	n/a	n/a	n/a	n/a	n/a	You have to get a education before looking for a job.	before looking for a job.	n/a	n/a	n/a
113.29	0.2	113290	255	filler_word	13	15	2	control	n/a	n/a	n/a	n/a	n/a	n/a	n/a	n/a	n/a	You have to get a education before looking for a job.	before looking for a job.	n/a	n/a	n/a
113.775	0.2	113775	255	filler_word	13	15	2	control	n/a	n/a	n/a	n/a	n/a	n/a	n/a	n/a	n/a	You have to get a education before looking for a job.	before looking for a job.	n/a	n/a	n/a
114.26	0.2	114260	255	filler_word	13	15	2	control	n/a	n/a	n/a	n/a	n/a	n/a	n/a	n/a	n/a	You have to get a education before looking for a job.	before looking for a job.	n/a	n/a	n/a
114.746	0.2	114746	255	filler_word	13	15	2	control	n/a	n/a	n/a	n/a	n/a	n/a	n/a	n/a	n/a	You have to get a education before looking for a job.	before looking for a job.	n/a	n/a	n/a
115.231	0.2	115231	211	control_incorrect	13	15	2	control	n/a	n/a	n/a	n/a	n/a	n/a	n/a	n/a	n/a	You have to get a education before looking for a job.	before looking for a job.	n/a	n/a	n/a
115.515	0.0	115515	131	item_marker	14	31	2	control	n/a	n/a	n/a	n/a	n/a	n/a	n/a	n/a	n/a	Hannah sent me a invitation to her wedding.	to her wedding.	n/a	n/a	n/a
115.716	0.2	115716	255	filler_word	14	31	2	control	n/a	n/a	n/a	n/a	n/a	n/a	n/a	n/a	n/a	Hannah sent me a invitation to her wedding.	to her wedding.	n/a	n/a	n/a
116.201	0.2	116201	255	filler_word	14	31	2	control	n/a	n/a	n/a	n/a	n/a	n/a	n/a	n/a	n/a	Hannah sent me a invitation to her wedding.	to her wedding.	n/a	n/a	n/a
116.686	0.2	116686	255	filler_word	14	31	2	control	n/a	n/a	n/a	n/a	n/a	n/a	n/a	n/a	n/a	Hannah sent me a invitation to her wedding.	to her wedding.	n/a	n/a	n/a
118.577	0.2	118577	255	filler_word	14	31	2	control	n/a	n/a	n/a	n/a	n/a	n/a	n/a	n/a	n/a	Hannah sent me a invitation to her wedding.	to her wedding.	n/a	n/a	n/a
119.062	0.2	119062	255	filler_word	14	31	2	control	n/a	n/a	n/a	n/a	n/a	n/a	n/a	n/a	n/a	Hannah sent me a invitation to her wedding.	to her wedding.	n/a	n/a	n/a
119.547	0.2	119547	255	filler_word	14	31	2	control	n/a	n/a	n/a	n/a	n/a	n/a	n/a	n/a	n/a	Hannah sent me a invitation to her wedding.	to her wedding.	n/a	n/a	n/a
120.032	0.2	120032	210	control_correct	14	31	2	control	n/a	n/a	n/a	n/a	n/a	n/a	n/a	n/a	n/a	Hannah sent me a invitation to her wedding.	to her wedding.	n/a	n/a	n/a
120.317	0.0	120317	138	item_marker	15	38	2	control	n/a	n/a	n/a	n/a	n/a	n/a	n/a	n/a	n/a	I asked a plumber to fix the sink.	to fix the sink.	n/a	n/a	n/a
120.518	0.2	120518	255	filler_word	15	38	2	control	n/a	n/a	n/a	n/a	n/a	n/a	n/a	n/a	n/a	I asked a plumber to fix the sink.	to fix the sink.	n/a	n/a	n/a
121.003	0.2	121003	255	filler_word	15	38	2	control	n/a	n/a	n/a	n/a	n/a	n/a	n/a	n/a	n/a	I asked a plumber to fix the sink.	to fix the sink.	n/a	n/a	n/a
121.488	0.2	121488	255	filler_word	15	38	2	control	n/a	n/a	n/a	n/a	n/a	n/a	n/a	n/a	n/a	I asked a plumber to fix the sink.	to fix the sink.	n/a	n/a	n/a
121.973	0.2	121973	255	filler_word	15	38	2	control	n/a	n/a	n/a	n/a	n/a	n/a	n/a	n/a	n/a	I asked a plumber to fix the sink.	to fix the sink.	n/a	n/a	n/a
123.931	0.2	123931	255	filler_word	15	38	2	control	n/a	n/a	n/a	n/a	n/a	n/a	n/a	n/a	n/a	I asked a plumber to fix the sink.	to fix the sink.	n/a	n/a	n/a
124.416	0.2	124416	255	filler_word	15	38	2	control	n/a	n/a	n/a	n/a	n/a	n/a	n/a	n/a	n/a	I asked a plumber to fix the sink.	to fix the sink.	n/a	n/a	n/a
124.901	0.2	124901	255	filler_word	15	38	2	control	n/a	n/a	n/a	n/a	n/a	n/a	n/a	n/a	n/a	I asked a plumber to fix the sink.	to fix the sink.	n/a	n/a	n/a
125.386	0.2	125386	211	control_incorrect	15	38	2	control	n/a	n/a	n/a	n/a	n/a	n/a	n/a	n/a	n/a	I asked a plumber to fix the sink.	to fix the sink.	n/a	n/a	n/a
125.671	0.0	125671	120	item_marker	16	20	2	control	n/a	n/a	n/a	n/a	n/a	n/a	n/a	n/a	n/a	Never pick an fight with the wrong guy.	with the wrong guy.	n/a	n/a	n/a
125.871	0.2	125871	255	filler_word	16	20	2	control	n/a	n/a	n/a	n/a	n/a	n/a	n/a	n/a	n/a	Never pick an fight with the wrong guy.	with the wrong guy.	n/a	n/a	n/a
126.357	0.2	126357	255	filler_word	16	20	2	control	n/a	n/a	n/a	n/a	n/a	n/a	n/a	n/a	n/a	Never pick an fight with the wrong guy.	with the wrong guy.	n/a	n/a	n/a
126.842	0.2	126842	255	filler_word	16	20	2	control	n/a	n/a	n/a	n/a	n/a	n/a	n/a	n/a	n/a	Never pick an fight with the wrong guy.	with the wrong guy.	n/a	n/a	n/a
127.327	0.2	127327	255	filler_word	16	20	2	control	n/a	n/a	n/a	n/a	n/a	n/a	n/a	n/a	n/a	Never pick an fight with the wrong guy.	with the wrong guy.	n/a	n/a	n/a
129.251	0.2	129251	255	filler_word	16	20	2	control	n/a	n/a	n/a	n/a	n/a	n/a	n/a	n/a	n/a	Never pick an fight with the wrong guy.	with the wrong guy.	n/a	n/a	n/a
129.736	0.2	129736	255	filler_word	16	20	2	control	n/a	n/a	n/a	n/a	n/a	n/a	n/a	n/a	n/a	Never pick an fight with the wrong guy.	with the wrong guy.	n/a	n/a	n/a
130.221	0.2	130221	255	filler_word	16	20	2	control	n/a	n/a	n/a	n/a	n/a	n/a	n/a	n/a	n/a	Never pick an fight with the wrong guy.	with the wrong guy.	n/a	n/a	n/a
130.706	0.2	130706	255	filler_word	16	20	2	control	n/a	n/a	n/a	n/a	n/a	n/a	n/a	n/a	n/a	Never pick an fight with the wrong guy.	with the wrong guy.	n/a	n/a	n/a
131.192	0.2	131192	211	control_incorrect	16	20	2	control	n/a	n/a	n/a	n/a	n/a	n/a	n/a	n/a	n/a	Never pick an fight with the wrong guy.	with the wrong guy.	n/a	n/a	n/a
131.476	0.0	131476	124	item_marker	17	24	2	control	n/a	n/a	n/a	n/a	n/a	n/a	n/a	n/a	n/a	The neighbours saw an fire in a house.	in a house.	n/a	n/a	n/a
131.677	0.2	131677	255	filler_word	17	24	2	control	n/a	n/a	n/a	n/a	n/a	n/a	n/a	n/a	n/a	The neighbours saw an fire in a house.	in a house.	n/a	n/a	n/a
132.162	0.2	132162	255	filler_word	17	24	2	control	n/a	n/a	n/a	n/a	n/a	n/a	n/a	n/a	n/a	The neighbours saw an fire in a house.	in a house.	n/a	n/a	n/a
132.647	0.2	132647	255	filler_word	17	24	2	control	n/a	n/a	n/a	n/a	n/a	n/a	n/a	n/a	n/a	The neighbours saw an fire in a house.	in a house.	n/a	n/a	n/a
134.538	0.2	134538	255	filler_word	17	24	2	control	n/a	n/a	n/a	n/a	n/a	n/a	n/a	n/a	n/a	The neighbours saw an fire in a house.	in a house.	n/a	n/a	n/a
135.023	0.2	135023	255	filler_word	17	24	2	control	n/a	n/a	n/a	n/a	n/a	n/a	n/a	n/a	n/a	The neighbours saw an fire in a house.	in a house.	n/a	n/a	n/a
135.508	0.2	135508	255	filler_word	17	24	2	control	n/a	n/a	n/a	n/a	n/a	n/a	n/a	n/a	n/a	The neighbours saw an fire in a house.	in a house.	n/a	n/a	n/a
135.993	0.2	135993	255	filler_word	17	24	2	control	n/a	n/a	n/a	n/a	n/a	n/a	n/a	n/a	n/a	The neighbours saw an fire in a house.	in a house.	n/a	n/a	n/a
136.478	0.2	136478	211	control_incorrect	17	24	2	control	n/a	n/a	n/a	n/a	n/a	n/a	n/a	n/a	n/a	The neighbours saw an fire in a house.	in a house.	n/a	n/a	n/a
136.763	0.0	136763	140	item_marker	18	40	2	control	n/a	n/a	n/a	n/a	n/a	n/a	n/a	n/a	n/a	I would like an tattoo on my wrist.	on my wrist.	n/a	n/a	n/a
136.964	0.2	136964	255	filler_word	18	40	2	control	n/a	n/a	n/a	n/a	n/a	n/a	n/a	n/a	n/a	I would like an tattoo on my wrist.	on my wrist.	n/a	n/a	n/a
137.449	0.2	137449	255	filler_word	18	40	2	control	n/a	n/a	n/a	n/a	n/a	n/a	n/a	n/a	n/a	I would like an tattoo on my wrist.	on my wrist.	n/a	n/a	n/a
137.934	0.2	137934	255	filler_word	18	40	2	control	n/a	n/a	n/a	n/a	n/a	n/a	n/a	n/a	n/a	I would like an tattoo on my wrist.	on my wrist.	n/a	n/a	n/a
143.154	0.2	143154	255	filler_word	18	40	2	control	n/a	n/a	n/a	n/a	n/a	n/a	n/a	n/a	n/a	I would like an tattoo on my wrist.	on my wrist.	n/a	n/a	n/a
143.639	0.2	143639	255	filler_word	18	40	2	control	n/a	n/a	n/a	n/a	n/a	n/a	n/a	n/a	n/a	I would like an tattoo on my wrist.	on my wrist.	n/a	n/a	n/a
144.124	0.2	144124	255	filler_word	18	40	2	control	n/a	n/a	n/a	n/a	n/a	n/a	n/a	n/a	n/a	I would like an tattoo on my wrist.	on my wrist.	n/a	n/a	n/a
144.609	0.2	144609	211	control_incorrect	18	40	2	control	n/a	n/a	n/a	n/a	n/a	n/a	n/a	n/a	n/a	I would like an tattoo on my wrist.	on my wrist.	n/a	n/a	n/a
144.894	0.0	144894	112	item_marker	19	12	2	control	n/a	n/a	n/a	n/a	n/a	n/a	n/a	n/a	n/a	Anna has an fish as a pet.	as a pet.	n/a	n/a	n/a
145.095	0.2	145095	255	filler_word	19	12	2	control	n/a	n/a	n/a	n/a	n/a	n/a	n/a	n/a	n/a	Anna has an fish as a pet.	as a pet.	n/a	n/a	n/a
145.58	0.2	145580	255	filler_word	19	12	2	control	n/a	n/a	n/a	n/a	n/a	n/a	n/a	n/a	n/a	Anna has an fish as a pet.	as a pet.	n/a	n/a	n/a
146.065	0.2	146065	255	filler_word	19	12	2	control	n/a	n/a	n/a	n/a	n/a	n/a	n/a	n/a	n/a	Anna has an fish as a pet.	as a pet.	n/a	n/a	n/a
148.39	0.2	148390	255	filler_word	19	12	2	control	n/a	n/a	n/a	n/a	n/a	n/a	n/a	n/a	n/a	Anna has an fish as a pet.	as a pet.	n/a	n/a	n/a
148.876	0.2	148876	255	filler_word	19	12	2	control	n/a	n/a	n/a	n/a	n/a	n/a	n/a	n/a	n/a	Anna has an fish as a pet.	as a pet.	n/a	n/a	n/a
149.361	0.2	149361	255	filler_word	19	12	2	control	n/a	n/a	n/a	n/a	n/a	n/a	n/a	n/a	n/a	Anna has an fish as a pet.	as a pet.	n/a	n/a	n/a
149.846	0.2	149846	255	filler_word	19	12	2	control	n/a	n/a	n/a	n/a	n/a	n/a	n/a	n/a	n/a	Anna has an fish as a pet.	as a pet.	n/a	n/a	n/a
150.331	0.2	150331	255	filler_word	19	12	2	control	n/a	n/a	n/a	n/a	n/a	n/a	n/a	n/a	n/a	Anna has an fish as a pet.	as a pet.	n/a	n/a	n/a
150.816	0.2	150816	210	control_correct	19	12	2	control	n/a	n/a	n/a	n/a	n/a	n/a	n/a	n/a	n/a	Anna has an fish as a pet.	as a pet.	n/a	n/a	n/a
151.101	0.0	151101	122	item_marker	20	22	2	control	n/a	n/a	n/a	n/a	n/a	n/a	n/a	n/a	n/a	His mother gave him a pound for ice-cream.	for ice-cream.	n/a	n/a	n/a
151.302	0.2	151302	255	filler_word	20	22	2	control	n/a	n/a	n/a	n/a	n/a	n/a	n/a	n/a	n/a	His mother gave him a pound for ice-cream.	for ice-cream.	n/a	n/a	n/a
151.787	0.2	151787	255	filler_word	20	22	2	control	n/a	n/a	n/a	n/a	n/a	n/a	n/a	n/a	n/a	His mother gave him a pound for ice-cream.	for ice-cream.	n/a	n/a	n/a
154.196	0.2	154196	255	filler_word	20	22	2	control	n/a	n/a	n/a	n/a	n/a	n/a	n/a	n/a	n/a	His mother gave him a pound for ice-cream.	for ice-cream.	n/a	n/a	n/a
154.681	0.2	154681	255	filler_word	20	22	2	control	n/a	n/a	n/a	n/a	n/a	n/a	n/a	n/a	n/a	His mother gave him a pound for ice-cream.	for ice-cream.	n/a	n/a	n/a
155.166	0.2	155166	255	filler_word	20	22	2	control	n/a	n/a	n/a	n/a	n/a	n/a	n/a	n/a	n/a	His mother gave him a pound for ice-cream.	for ice-cream.	n/a	n/a	n/a
155.651	0.2	155651	211	control_incorrect	20	22	2	control	n/a	n/a	n/a	n/a	n/a	n/a	n/a	n/a	n/a	His mother gave him a pound for ice-cream.	for ice-cream.	n/a	n/a	n/a
155.936	0.0	155936	119	item_marker	21	19	2	control	n/a	n/a	n/a	n/a	n/a	n/a	n/a	n/a	n/a	They had a affair for many years.	for many years.	n/a	n/a	n/a
156.137	0.2	156137	255	filler_word	21	19	2	control	n/a	n/a	n/a	n/a	n/a	n/a	n/a	n/a	n/a	They had a affair for many years.	for many years.	n/a	n/a	n/a
156.622	0.2	156622	255	filler_word	21	19	2	control	n/a	n/a	n/a	n/a	n/a	n/a	n/a	n/a	n/a	They had a affair for many years.	for many years.	n/a	n/a	n/a
157.107	0.2	157107	255	filler_word	21	19	2	control	n/a	n/a	n/a	n/a	n/a	n/a	n/a	n/a	n/a	They had a affair for many years.	for many years.	n/a	n/a	n/a
159.248	0.2	159248	255	filler_word	21	19	2	control	n/a	n/a	n/a	n/a	n/a	n/a	n/a	n/a	n/a	They had a affair for many years.	for many years.	n/a	n/a	n/a
159.734	0.2	159734	255	filler_word	21	19	2	control	n/a	n/a	n/a	n/a	n/a	n/a	n/a	n/a	n/a	They had a affair for many years.	for many years.	n/a	n/a	n/a
160.219	0.2	160219	255	filler_word	21	19	2	control	n/a	n/a	n/a	n/a	n/a	n/a	n/a	n/a	n/a	They had a affair for many years.	for many years.	n/a	n/a	n/a
160.704	0.2	160704	210	control_correct	21	19	2	control	n/a	n/a	n/a	n/a	n/a	n/a	n/a	n/a	n/a	They had a affair for many years.	for many years.	n/a	n/a	n/a
160.988	0.0	160988	109	item_marker	22	9	2	control	n/a	n/a	n/a	n/a	n/a	n/a	n/a	n/a	n/a	We heard an echo in the temple.	in the temple.	n/a	n/a	n/a
161.189	0.2	161189	255	filler_word	22	9	2	control	n/a	n/a	n/a	n/a	n/a	n/a	n/a	n/a	n/a	We heard an echo in the temple.	in the temple.	n/a	n/a	n/a
161.674	0.2	161674	255	filler_word	22	9	2	control	n/a	n/a	n/a	n/a	n/a	n/a	n/a	n/a	n/a	We heard an echo in the temple.	in the temple.	n/a	n/a	n/a
162.16	0.2	162160	255	filler_word	22	9	2	control	n/a	n/a	n/a	n/a	n/a	n/a	n/a	n/a	n/a	We heard an echo in the temple.	in the temple.	n/a	n/a	n/a
165.924	0.2	165924	255	filler_word	22	9	2	control	n/a	n/a	n/a	n/a	n/a	n/a	n/a	n/a	n/a	We heard an echo in the temple.	in the temple.	n/a	n/a	n/a
166.409	0.2	166409	255	filler_word	22	9	2	control	n/a	n/a	n/a	n/a	n/a	n/a	n/a	n/a	n/a	We heard an echo in the temple.	in the temple.	n/a	n/a	n/a
166.894	0.2	166894	255	filler_word	22	9	2	control	n/a	n/a	n/a	n/a	n/a	n/a	n/a	n/a	n/a	We heard an echo in the temple.	in the temple.	n/a	n/a	n/a
167.379	0.2	167379	211	control_incorrect	22	9	2	control	n/a	n/a	n/a	n/a	n/a	n/a	n/a	n/a	n/a	We heard an echo in the temple.	in the temple.	n/a	n/a	n/a
167.664	0.0	167664	108	item_marker	23	8	2	control	n/a	n/a	n/a	n/a	n/a	n/a	n/a	n/a	n/a	There was an kite in the sky.	in the sky.	n/a	n/a	n/a
167.865	0.2	167865	255	filler_word	23	8	2	control	n/a	n/a	n/a	n/a	n/a	n/a	n/a	n/a	n/a	There was an kite in the sky.	in the sky.	n/a	n/a	n/a
168.35	0.2	168350	255	filler_word	23	8	2	control	n/a	n/a	n/a	n/a	n/a	n/a	n/a	n/a	n/a	There was an kite in the sky.	in the sky.	n/a	n/a	n/a
168.835	0.2	168835	255	filler_word	23	8	2	control	n/a	n/a	n/a	n/a	n/a	n/a	n/a	n/a	n/a	There was an kite in the sky.	in the sky.	n/a	n/a	n/a
